"model","term","estimate","std.error","statistic","p.value","odds_ratio"
"glm_base","(Intercept)",-11.7051483668415,4.5243893394904,-2.5871222586162,0.00967812460291425,8.251229265476e-06
"glm_base","team_elo_pre",0.00521155903647467,0.00250761098822706,2.07829645863825,0.037682062431869,1.00522516283233
"glm_base","recent_goal_diff_per_match",0.441082386733327,0.328529786035825,1.34259481326064,0.179403210768617,1.55438875807929
"glm_base","log_gdp_per_capita_pre",0.34963173013613,0.214545665303115,1.62963781925942,0.103178066354818,1.41854504499738
"glm_base","host_team_flag",1.96287480848701,1.23335067740343,1.59149773413953,0.111497604952409,7.11976563526673
"glm_base","confederationAFC",-2.3356292643057,0.887223872176731,-2.63251399962383,0.00847555299508329,0.0967495823085645
"glm_base","confederationCAF",-1.13702487586789,0.807098512743689,-1.40878078439598,0.158899998773054,0.320771939927968
"glm_base","confederationCONCACAF",-0.691345242069657,0.780127812204647,-0.886194840453015,0.375512543477413,0.500901781478516
"glm_base","confederationUEFA",-1.69383420250311,0.679091077026865,-2.49426661578135,0.0126217698707023,0.183813393361215
